{
  "accuracy": 0.7988826815642458,
  "precision_macro": 0.8156834300451321,
  "recall_macro": 0.7580368906455863,
  "f1_macro": 0.7704474209176404
}